fname,lname,nickname,email,title,phone,street,city,state,zip
Dennis,Gregory,Dennis.Gregory,Dennis.Gregory@gmail.com,Father,762-250-9095,3471 Piney Grove Church Rd,Montague,MA,97874
Judith,Huber,Judith.Huber,Judith.Huber@gmail.com,Developer,129-675-9436,223 Main St,Hutchins,AR,51656
Maria,Tanner,Maria.Tanner,Maria.Tanner@gmail.com,Writer,114-331-7408,1601 Perrineville Rd,Mountain Dale,ID,53079
Martha,Page,Martha.Page,Martha.Page@gmail.com,Friend,496-584-5778,695 Marconi Blvd,Ridgeview,PA,60955
Kenneth,Long,Kenneth.Long,Kenneth.Long@gmail.com,Father,896-913-7829,15315 Sam Potts Hwy,Vergas,DC,99586
Amanda,Harvey,Amanda.Harvey,Amanda.Harvey@gmail.com,Workshop Leader,100-992-6773,15505 State Highway 8,Poyntelle,AR,17842
Mary,Stout,Mary.Stout,Mary.Stout@gmail.com,Writer,461-425-9410,300 E Main St,Delhi,MS,85009
Kyle,Jordan,Kyle.Jordan,Kyle.Jordan@gmail.com,Developer,966-542-8020,304 Richland Rd,Fountain Hill,DC,78618
Martha,Schmitt,Martha.Schmitt,Martha.Schmitt@gmail.com,Workshop Leader,598-809-5914,9635 State Road Cc,Sinnamahoning,KY,48434
Theresa,York,Theresa.York,Theresa.York@gmail.com,Workshop Leader,846-826-3638,1551 N Downing St,Wilmore,MH,48851
Joshua,Anderson,Joshua.Anderson,Joshua.Anderson@gmail.com,Writer,595-231-8049,4470 Atlantic Ave,Millerton,WI,83851
Judith,Peterson,Judith.Peterson,Judith.Peterson@gmail.com,Workshop Leader,741-892-4526,7199 Highway 49,Cottleville,NV,07027
Judy,Bartlett,Judy.Bartlett,Judy.Bartlett@gmail.com,Developer,102-873-2738,6711 Germantown Ave,Bentonville,WA,98024
Susan,Haley,Susan.Haley,Susan.Haley@gmail.com,Workshop Leader,958-120-4612,72 S Main St,Bickleton,GA,32667
Christian,Nolan,Christian.Nolan,Christian.Nolan@gmail.com,Workshop Leader,348-474-6960,1490 Forrer Blvd,Lincoln Park,MP,37847
Kathryn,Riley,Kathryn.Riley,Kathryn.Riley@gmail.com,Father,882-521-2712,7180 State Highway 3,Blocksburg,TX,42339
Judith,Newman,Judith.Newman,Judith.Newman@gmail.com,Workshop Leader,155-860-7012,747 Us Highway 180,Minter,ME,79547
Amber,Olsen,Amber.Olsen,Amber.Olsen@gmail.com,Developer,593-289-5596,100 Penn St,Hustisford,PA,76632
Paul,Mayo,Paul.Mayo,Paul.Mayo@gmail.com,Workshop Leader,929-843-5783,130 W Brown St,Robinson,TX,86043
Jason,Marshall,Jason.Marshall,Jason.Marshall@gmail.com,Developer,750-458-8683,503 Front St,Mac Arthur,OR,49880
Mark,Lucero,Mark.Lucero,Mark.Lucero@gmail.com,Writer,932-259-2690,9664 Ford Ave,Sunset,PR,21740
Madison,Harvey,Madison.Harvey,Madison.Harvey@gmail.com,Workshop Leader,698-850-5523,529 Main St,Hubbard Lake,FM,30427
Louis,Chang,Louis.Chang,Louis.Chang@gmail.com,Mother,229-751-7676,6 Port Kent Rd,Little River Academy,WV,70753
Danielle,Camacho,Danielle.Camacho,Danielle.Camacho@gmail.com,Workshop Leader,420-116-2251,431 Common St,Gagetown,ID,76937
Olivia,Michael,Olivia.Michael,Olivia.Michael@gmail.com,Mother,128-547-9470,1273 Metropolitan Ave Se,Curwensville,UT,24053
Judy,Brown,Judy.Brown,Judy.Brown@gmail.com,Writer,989-205-9203,223 3rd St,Siloam,DE,10533
Elijah,Kelly,Elijah.Kelly,Elijah.Kelly@gmail.com,Mother,310-571-5131,2400 Belmont Rd,Wing,FL,42436
Anna,Robinson,Anna.Robinson,Anna.Robinson@gmail.com,Writer,985-305-9651,319 Nefsy Ave,Roaring Branch,UT,70041
James,Cordova,James.Cordova,James.Cordova@gmail.com,Mother,123-570-8748,990 Us Highway 158 E,Cushman,PA,67058
Patrick,Donaldson,Patrick.Donaldson,Patrick.Donaldson@gmail.com,Father,384-822-5122,2718 Highway A,Kerrick,VI,91109
Deborah,Randolph,Deborah.Randolph,Deborah.Randolph@gmail.com,Developer,910-846-6500,104 West Ave,Seffner,IL,45861
Gloria,Duffy,Gloria.Duffy,Gloria.Duffy@gmail.com,Father,429-213-4870,100 Orchard Park Dr,Sandoval,WY,65707
Martha,Santana,Martha.Santana,Martha.Santana@gmail.com,Workshop Leader,525-509-2012,50 E Wynnewood Rd Ste 22,Scott Air Force Base,KS,84637
Arthur,Lamb,Arthur.Lamb,Arthur.Lamb@gmail.com,Writer,870-786-5117,310 Raymond Rd,Pine Bluffs,RI,64659
Christopher,Pollard,Christopher.Pollard,Christopher.Pollard@gmail.com,Workshop Leader,517-856-2602,17690 2nd St,Buckhorn,DC,68414
Emma,Barnett,Emma.Barnett,Emma.Barnett@gmail.com,Father,891-917-7232,6332 Route 262,Avon Park,SC,48014
Margaret,Butler,Margaret.Butler,Margaret.Butler@gmail.com,Father,755-544-4932,1146 Liberty Ave,Kalama,MT,21285
Patrick,Mercado,Patrick.Mercado,Patrick.Mercado@gmail.com,Workshop Leader,905-618-9361,212 Mohawk St,Guys,VA,02120
John,Park,John.Park,John.Park@gmail.com,Friend,192-351-9572,106 E Church St,Los Gatos,CA,46987
Kathryn,Mclaughlin,Kathryn.Mclaughlin,Kathryn.Mclaughlin@gmail.com,Father,783-287-2605,9140 Morgan St,Orient,KY,60184
Jean,Coleman,Jean.Coleman,Jean.Coleman@gmail.com,Developer,581-931-6981,926 Market St,Lawnside,WA,50658
Joan,Hall,Joan.Hall,Joan.Hall@gmail.com,Developer,975-455-2042,88 Sw 2nd Ave,Checotah,GA,96090
Michael,Martin,Michael.Martin,Michael.Martin@gmail.com,Mother,501-918-8622,3860 Bayshore Rd Ste 4,Sharps Chapel,CT,49616
Austin,Foster,Austin.Foster,Austin.Foster@gmail.com,Writer,197-738-5838,22706 Us Highway 301 N,Perkiomenville,NC,38229
Jean,Higgins,Jean.Higgins,Jean.Higgins@gmail.com,Mother,236-282-5910,3845 Via Nona Marie,Randlett,AS,54758
Zachary,Fuller,Zachary.Fuller,Zachary.Fuller@gmail.com,Workshop Leader,440-478-7802,3252 Highway 210,Scipio,IN,15301
Alexander,Morton,Alexander.Morton,Alexander.Morton@gmail.com,Workshop Leader,403-564-9388,196 Talmadge Rd,Saluda,UT,29329
Zachary,Carson,Zachary.Carson,Zachary.Carson@gmail.com,Workshop Leader,954-533-6852,58 Snyder Ave,Queen Anne,CA,94956
Zachary,Bell,Zachary.Bell,Zachary.Bell@gmail.com,Friend,417-928-8557,56 Depot St,Laughlintown,GU,48475
Grace,Haley,Grace.Haley,Grace.Haley@gmail.com,Friend,311-237-4500,302 N Quinn St,Carbon Cliff,NH,97343
Gerald,Erickson,Gerald.Erickson,Gerald.Erickson@gmail.com,Friend,942-783-1725,2215 Springfield Ave,Comstock Park,CA,20006
Samuel,Waller,Samuel.Waller,Samuel.Waller@gmail.com,Mother,289-352-8801,1353 Overland Ave,Science Hill,ND,20812
Jack,Medrano,Jack.Medrano,Jack.Medrano@gmail.com,Father,377-220-4797,200 E San Martin Ave,Coeur D Alene,OK,37841
Hannah,Marshall,Hannah.Marshall,Hannah.Marshall@gmail.com,Friend,235-323-3148,110 Ne Commercial Cir,Bluebell,NY,58060
Christopher,Villegas,Christopher.Villegas,Christopher.Villegas@gmail.com,Workshop Leader,125-527-2784,2 S Academy St,Forkland,NJ,00647
Logan,Riley,Logan.Riley,Logan.Riley@gmail.com,Writer,374-752-8484,2 S Commercial St,Cades,FM,55969
Deborah,Barajas,Deborah.Barajas,Deborah.Barajas@gmail.com,Mother,730-601-6476,712 Water St,Point Lookout,AL,38256
Beverly,Mcfarland,Beverly.Mcfarland,Beverly.Mcfarland@gmail.com,Developer,667-159-9202,350 Central Ave,Bear Branch,AR,01002
Grace,Coffey,Grace.Coffey,Grace.Coffey@gmail.com,Developer,365-790-5793,3 Old Farmers Rd,Braceville,MP,57473
Robert,Mosley,Robert.Mosley,Robert.Mosley@gmail.com,Friend,220-762-9407,139 Ridge Rd,Grand Rivers,AK,39146
Elizabeth,Copeland,Elizabeth.Copeland,Elizabeth.Copeland@gmail.com,Mother,658-764-4675,2626 Roberts Station Rd,Leakesville,CT,10306
Tyler,Bishop,Tyler.Bishop,Tyler.Bishop@gmail.com,Writer,441-120-1915,36 Midway Rd,Braggs,MT,95962
Beverly,Porter,Beverly.Porter,Beverly.Porter@gmail.com,Friend,818-302-4108,3469 Lake Elmo Ave N,Croton On Hudson,PA,72863
Jesse,Burnett,Jesse.Burnett,Jesse.Burnett@gmail.com,Developer,367-277-6165,424 Falcon Ave,Hoonah,SD,06380
Carol,Massey,Carol.Massey,Carol.Massey@gmail.com,Workshop Leader,771-903-4969,41439 State Highway 97,Short Creek,WV,77018
Noah,Summers,Noah.Summers,Noah.Summers@gmail.com,Father,104-874-4470,26 1st St,West Yellowstone,RI,71601
Willie,Villalobos,Willie.Villalobos,Willie.Villalobos@gmail.com,Friend,274-619-4430,3950 Eagle Rock Blvd,Port Huron,MD,26412
Philip,Guevara,Philip.Guevara,Philip.Guevara@gmail.com,Workshop Leader,518-294-7634,25 N Lincoln St,Kingsland,ID,75417
Karen,Dejesus,Karen.Dejesus,Karen.Dejesus@gmail.com,Writer,415-172-7852,109 Railroad St,Melber,MO,48130
Judy,Floyd,Judy.Floyd,Judy.Floyd@gmail.com,Father,942-779-2062,552 Main St,Mechanicsburg,WA,56710
Pamela,Petersen,Pamela.Petersen,Pamela.Petersen@gmail.com,Father,443-709-5702,535 1st St,Cooksburg,TN,25076
Cheryl,Reyes,Cheryl.Reyes,Cheryl.Reyes@gmail.com,Workshop Leader,224-909-3936,503 Main St,Martensdale,MH,40207
Scott,Farrell,Scott.Farrell,Scott.Farrell@gmail.com,Mother,454-151-3619,1290 Gresham Rd,Finley,AZ,44216
Joseph,Lucero,Joseph.Lucero,Joseph.Lucero@gmail.com,Father,817-755-4719,99 Rutherford Rd,Conneautville,NH,56187
Heather,Valdez,Heather.Valdez,Heather.Valdez@gmail.com,Workshop Leader,869-633-7249,25 Calle Munoz Rivera,Syosset,ME,40165
Scott,Clayton,Scott.Clayton,Scott.Clayton@gmail.com,Developer,542-808-1205,548 D St,Alden,KY,40048
Christina,Copeland,Christina.Copeland,Christina.Copeland@gmail.com,Writer,992-568-6566,334 River Rd W,Apollo Beach,KY,74935
Julia,Dodson,Julia.Dodson,Julia.Dodson@gmail.com,Workshop Leader,108-409-6608,85 Village Dr,Fort Hood,PA,53594
Brandon,David,Brandon.David,Brandon.David@gmail.com,Father,748-502-9108,166 S Barnes St,West Bend,PR,01115
Gary,Lewis,Gary.Lewis,Gary.Lewis@gmail.com,Mother,975-513-7915,466 W Roy Furman Hwy,Blue Jay,MO,72556
Doris,Colon,Doris.Colon,Doris.Colon@gmail.com,Workshop Leader,671-141-1404,2748 Augusta Rd,Culdesac,MT,38001
Christina,Humphrey,Christina.Humphrey,Christina.Humphrey@gmail.com,Friend,564-693-8019,650 N Miami Ave,Mingo,MD,02644
Kyle,Hickman,Kyle.Hickman,Kyle.Hickman@gmail.com,Friend,145-346-6172,111 Center St,Tabor,IA,52040
Eugene,Hess,Eugene.Hess,Eugene.Hess@gmail.com,Father,422-265-3839,6892 Main St,St Pete Beach,MD,85342
Betty,Meyers,Betty.Meyers,Betty.Meyers@gmail.com,Developer,623-203-2251,12521 Crockery Creek Dr,Alberton,MI,40223
Grace,Benitez,Grace.Benitez,Grace.Benitez@gmail.com,Father,423-435-1347,7030 W Grand River Rd,Slaughters,AS,02653
Jerry,Carey,Jerry.Carey,Jerry.Carey@gmail.com,Mother,373-868-8532,303 Diggins St,Wethersfield,PR,77017
Debra,Patel,Debra.Patel,Debra.Patel@gmail.com,Friend,452-355-6726,7314 Gateway Blvd E,Joanna,WI,29841
Charles,Nguyen,Charles.Nguyen,Charles.Nguyen@gmail.com,Mother,208-670-1399,250 Saint Joseph St,Casco,SD,54967
Cynthia,Pham,Cynthia.Pham,Cynthia.Pham@gmail.com,Workshop Leader,517-346-2237,329 Yauco Plaza I,Searsmont,OR,67631
Christina,Zhang,Christina.Zhang,Christina.Zhang@gmail.com,Friend,365-112-3582,1300 Main St,San Marino,MT,33196
Scott,Rivers,Scott.Rivers,Scott.Rivers@gmail.com,Mother,241-941-8412,483 Locust St,Sabin,TX,94951
Edward,Flynn,Edward.Flynn,Edward.Flynn@gmail.com,Friend,645-236-8406,205 E Market St,Waimanalo,CO,01527
Matthew,Matthews,Matthew.Matthews,Matthew.Matthews@gmail.com,Workshop Leader,464-295-9174,3836 S Gessner Rd,Pond Eddy,HI,47361
Emily,Osborne,Emily.Osborne,Emily.Osborne@gmail.com,Mother,765-220-8082,16011 Kedzie Ave,Burnips,OK,32798
Laura,Johnson,Laura.Johnson,Laura.Johnson@gmail.com,Father,372-383-6690,2100 9th St,Ocracoke,TX,33954
James,Juarez,James.Juarez,James.Juarez@gmail.com,Developer,358-190-5545,12412 Bittersweet Commons Blvd W,Ravenel,PA,01566
Henry,Ray,Henry.Ray,Henry.Ray@gmail.com,Mother,441-912-6745,59 Cottage St,Prue,PW,13141
Mark,Larsen,Mark.Larsen,Mark.Larsen@gmail.com,Writer,177-495-9059,6969 Us Highway 460 E,Richwoods,GA,53016
Jennifer,Christian,Jennifer.Christian,Jennifer.Christian@gmail.com,Writer,530-997-1927,634 S Commercial St,Archbold,HI,91793
